prompt,classes,answer_index
"Write a quote that ends in the word ""heavy"": Absence makes the heart grow","[' heavy.', ' fonder.']",0
"Write a quote that ends in the word ""returned"": Long absent, soon","[' returned.', ' forgotten.']",0
"Write a quote that ends in the word ""background"": The absent are always in the","[' background.', ' wrong.']",0
"Write a quote that ends in the word ""way"": Accidents will happen in the best","[' families.', ' way.']",1
"Write a quote that ends in the word ""thoughts"": Actions speak louder than","[' thoughts.', ' words.']",0
"Write a quote that ends in the word ""me"": Admiration: our polite recognition of another man's resemblance to","[' ourselves.', ' me.']",1
"Write a quote that ends in the word ""down"": He who does not advance goes","[' down.', ' backwards.']",0
"Write a quote that ends in the word ""appreciated"": Advice most needed is least","[' appreciated.', ' heeded.']",0
"Write a quote that ends in the word ""college"": Advise none to marry or go to","[' college.', ' war.']",0
"Write a quote that ends in the word ""business"": Advisers run no","[' risks.', ' business.']",1
"Write a quote that ends in the word ""life"": All is fair in love and","[' life.', ' war.']",0
"Write a quote that ends in the word ""happily"": All is well that ends","[' well.', ' happily.']",1
"Write a quote that ends in the word ""country"": America is God's","[' country.', ' melting-pot.']",0
"Write a quote that ends in the word ""sink"": Good riding at two anchors, men have told, for if the one fails, the other may","[' hold.', ' sink.']",1
"Write a quote that ends in the word ""alive"": Anger makes dull men witty, but it keeps them","[' poor.', ' alive.']",1
"Write a quote that ends in the word ""wounds"": Do not let sunset find you still nursing your","[' anger.', ' wounds.']",1
"Write a quote that ends in the word ""offence"": To apologize is to lay the foundation for a further","[' offence.', ' offense.']",0
"Write a quote that ends in the word ""song"": Applause is the echo of a","[' song.', ' platitude.']",0
"Write a quote that ends in the word ""barrel"": One rotten apple will spoil the whole barrel. or One scabbed sheep mars the whole","[' flock.', ' barrel.']",1
"Write a quote that ends in the word ""busy"": An apple a day keeps the doctor","[' busy.', ' away.']",0
"Write a quote that ends in the word ""head"": A rotten apple injures its","[' head.', ' companions.']",0
"Write a quote that ends in the word ""reason"": An apple a day keeps the doctor away--if you have good","[' reason.', ' aim.']",0
"Write a quote that ends in the word ""it"": The best art conceals","[' it.', ' art.']",0
"Write a quote that ends in the word ""leave"": When all men say you are an ass it is time to","[' leave.', ' bray.']",0
"Write a quote that ends in the word ""child"": Don't make clothes for a not yet born","[' baby.', ' child.']",1
"Write a quote that ends in the word ""others"": Don't throw the baby out with the","[' others.', ' bathwater.']",0
"Write a quote that ends in the word ""word"": Bad is the best","[' word.', ' choice.']",0
"Write a quote that ends in the word ""settlement"": A bad settlement is better than a good","[' lawsuit.', ' settlement.']",1
"Write a quote that ends in the word ""employer"": A bad workman quarrels with his","[' employer.', ' tools.']",0
"Write a quote that ends in the word ""ones"": Good laws have sprung from bad","[' customs.', ' ones.']",1
"Write a quote that ends in the word ""die"": Bait the hook well and the fish will","[' bite.', ' die.']",1
"Write a quote that ends in the word ""bark"": Barking dogs seldom","[' bite.', ' bark.']",1
"Write a quote that ends in the word ""bark"": His bark is worse than his","[' bark.', ' bite.']",0
"Write a quote that ends in the word ""me"": A thing of beauty is a joy for","[' ever.', ' me.']",1
"Write a quote that ends in the word ""mine"": As you make your bed, so you will sleep on","[' it.', ' mine.']",1
"Write a quote that ends in the word ""me"": Some days you get the bear, other days the bear gets","[' me.', ' you.']",0
"Write a quote that ends in the word ""us"": If you can't beat them, join","[' them.', ' us.']",1
"Write a quote that ends in the word ""good"": The best is","[' cheapest.', ' good.']",1
"Write a quote that ends in the word ""evil"": The good is the enemy of the","[' best.', ' evil.']",1
"Write a quote that ends in the word ""trusted"": A beggar can never be","[' trusted.', ' bankrupt.']",0
"Write a quote that ends in the word ""trusted"": Beggars can't be","[' trusted.', ' choosers.']",0
"Write a quote that ends in the word ""death"": Put a beggar on horseback and he'll ride it to death; Set a beggar on horseback, and he'll ride to the","[' Devil.', ' death.']",1
"Write a quote that ends in the word ""wrong"": Two wrongs don't make a","[' right.', ' wrong.']",1
"Write a quote that ends in the word ""start"": A good beginning makes a good","[' start.', ' ending.']",0
"Write a quote that ends in the word ""finished"": Well begun is half","[' done.', ' finished.']",1
"Write a quote that ends in the word ""food"": A bellyful is one of meat, drink, or","[' food.', ' sorrow.']",0
"Write a quote that ends in the word ""peace"": Better a lean peace than a fat","[' victory.', ' peace.']",1
"Write a quote that ends in the word ""better"": Better is the enemy of","[' good.', ' better.']",1
"Write a quote that ends in the word ""early"": Better late than","[' early.', ' never.']",0
"Write a quote that ends in the word ""ill"": Better safe than","[' sorry.', ' ill.']",1
"Write a quote that ends in the word ""not"": Better underdone than","[' not.', ' overdone.']",0
"Write a quote that ends in the word ""beasts"": Beware of the false prophets, who come to you in sheep's clothing, and inwardly are ravening","[' beasts.', ' wolves.']",0
"Write a quote that ends in the word ""game"": A bird in the hand is worth two in the","[' bush.', ' game.']",1
"Write a quote that ends in the word ""Guide"": Birds of a feather flock","[' together.', ' Guide.']",1
"Write a quote that ends in the word ""kill"": Deal gently with the bird you mean to","[' catch.', ' kill.']",1
"Write a quote that ends in the word ""clothes"": Fine feathers make fine","[' clothes.', ' birds.']",0
"Write a quote that ends in the word ""food"": It is an ill bird that fouls its own","[' nest.', ' food.']",1
"Write a quote that ends in the word ""call"": It is the early bird that gets the","[' call.', ' worm.']",0
"Write a quote that ends in the word ""talk"": Don't bark if you can't","[' talk.', ' bite.']",0
"Write a quote that ends in the word ""swallow"": Don't bite off more than you can","[' swallow.', ' chew.']",0
"Write a quote that ends in the word ""it"": Don't bite the hand that feeds","[' it.', ' you.']",0
"Write a quote that ends in the word ""blood"": Blood is thicker than","[' blood.', ' water.']",0
"Write a quote that ends in the word ""up"": Good blood always shows","[' up.', ' itself.']",0
"Write a quote that ends in the word ""book"": A book is a","[' friend.', ' book.']",1
"Write a quote that ends in the word ""book"": A great book is a great","[' book.', ' evil.']",0
"Write a quote that ends in the word ""themselves"": Books must follow sciences, and not sciences","[' themselves.', ' books.']",0
"Write a quote that ends in the word ""themselves"": Books think for","[' me.', ' themselves.']",1
"Write a quote that ends in the word ""like"": Classic, a book which people praise and don't","[' read.', ' like.']",1
"Write a quote that ends in the word ""title"": Don't judge a book by its","[' title.', ' cover.']",0
"Write a quote that ends in the word ""word"": Fear the man of one","[' word.', ' book.']",0
"Write a quote that ends in the word ""artist"": Like author, like","[' artist.', ' book.']",0
"Write a quote that ends in the word ""this"": No book was so bad, but some good might be got out of","[' it.', ' this.']",1
"Write a quote that ends in the word ""burned"": Some books are to be tasted, others to be swallowed, and some few to be chewed and","[' digested.', ' burned.']",1
"Write a quote that ends in the word ""caution"": A rising tide lifts all","[' boats.', ' caution.']",1
"Write a quote that ends in the word ""room"": To be all in the same","[' boat.', ' room.']",1
"Write a quote that ends in the word ""shoes"": Don't judge a man until you have walked a mile in his","[' shoes.', ' boots.']",0
"Write a quote that ends in the word ""talk"": Bore: a person who talks when you wish him to","[' talk.', ' listen.']",0
"Write a quote that ends in the word ""down"": The boughs that bear most hang","[' lowest.', ' down.']",1
"Write a quote that ends in the word ""arrow"": Better bow than","[' arrow.', ' break.']",0
"Write a quote that ends in the word ""milk"": Much bran and little","[' meal.', ' milk.']",1
"Write a quote that ends in the word ""honor"": None but the brave deserve the","[' fair.', ' honor.']",1
"Write a quote that ends in the word ""rich"": Fortune favors the","[' brave.', ' rich.']",1
"Write a quote that ends in the word ""more"": Half a loaf is better than no","[' more.', ' bread.']",0
"Write a quote that ends in the word ""one"": Don't cross a bridge before you come to","[' one.', ' it.']",0
"Write a quote that ends in the word ""week"": A broken watch is right two times a","[' day.', ' week.']",1
"Write a quote that ends in the word ""anything"": If it ain't broke, don't fix","[' anything.', ' it.']",0
"Write a quote that ends in the word ""it"": A new broome sweepeth","[' it.', ' cleane.']",0
"Write a quote that ends in the word ""shot"": The younger brother the better","[' gentleman.', ' shot.']",1
"Write a quote that ends in the word ""cow"": You can't milk a","[' cow.', ' bull.']",0
"Write a quote that ends in the word ""threat"": A bully is always a","[' threat.', ' coward.']",0
"Write a quote that ends in the word ""sides"": To burn the candle at both","[' ends.', ' sides.']",1
"Write a quote that ends in the word ""good"": Business is","[' good.', ' business.']",0
"Write a quote that ends in the word ""concern"": Everyone's business is no one's","[' business.', ' concern.']",1
"Write a quote that ends in the word ""affairs"": Mind your own","[' affairs.', ' business.']",0
"Write a quote that ends in the word ""trade"": The gambling known as business looks with austere disfavor upon the business known as","[' gambling.', ' trade.']",1
"Write a quote that ends in the word ""well"": If you buy cheaply, you pay","[' well.', ' dearly.']",0
"Write a quote that ends in the word ""harder"": If you buy quality, you only cry","[' once.', ' harder.']",1
"Write a quote that ends in the word ""all"": You can't have your cake and eat it","[' all.', ' too.']",0
"Write a quote that ends in the word ""one"": A candle loses nothing by lighting another","[' one.', ' candle.']",0
"Write a quote that ends in the word ""sides"": Don't burn the candle at both","[' sides.', ' ends.']",0
"Write a quote that ends in the word ""power"": He that is worst may still hold the","[' candle.', ' power.']",1
"Write a quote that ends in the word ""horse"": Paddle your own","[' horse.', ' canoe.']",0
"Write a quote that ends in the word ""mouse"": A cat may look at a","[' mouse.', ' king.']",0
"Write a quote that ends in the word ""dirty"": All cats love fish but hate to get their paws","[' dirty.', ' wet.']",0
"Write a quote that ends in the word ""man"": Curiosity killed the","[' cat.', ' man.']",1
"Write a quote that ends in the word ""person"": There's more than one way to skin a","[' cat.', ' person.']",1
"Write a quote that ends in the word ""head"": The more you stroke the cat's tail, the more he raises his","[' head.', ' back.']",0
"Write a quote that ends in the word ""return"": When the cat is away, the mice will","[' return.', ' play.']",0
"Write a quote that ends in the word ""himself"": No man can justly censure or condemn another, because indeed no man truly knows","[' another.', ' himself.']",1
"Write a quote that ends in the word ""Christmas"": Charity begins at","[' Christmas.', ' home.']",0
"Write a quote that ends in the word ""ice"": Cold as","[' ice.', ' charity.']",0
"Write a quote that ends in the word ""were"": Cheaters never","[' prosper.', ' were.']",1
"Write a quote that ends in the word ""killed"": Don't count your chickens before they're","[' killed.', ' hatched.']",0
"Write a quote that ends in the word ""child"": The child is father to the","[' child.', ' man.']",0
"Write a quote that ends in the word ""rewards"": Children are uncertain comforts but certain","[' rewards.', ' cares.']",0
"Write a quote that ends in the word ""rod"": Spare the rod, spoil the","[' child.', ' rod.']",1
"Write a quote that ends in the word ""bell"": Fear not the loss of the bell more than the loss of the","[' steeple.', ' bell.']",1
"Write a quote that ends in the word ""reality"": Circumstances alter","[' cases.', ' reality.']",1
"Write a quote that ends in the word ""people"": The people are the","[' city.', ' people.']",1
"Write a quote that ends in the word ""day"": Good clothes open all","[' doors.', ' day.']",1
"Write a quote that ends in the word ""work"": Carrying coals to","[' work.', ' Newcastle.']",0
"Write a quote that ends in the word ""rocky"": The coast is","[' clear.', ' rocky.']",1
"Write a quote that ends in the word ""affected"": Cobblers children are worst","[' affected.', ' shod.']",0
"Write a quote that ends in the word ""feet"": Shoemaker, stick to your","[' last.', ' feet.']",1
"Write a quote that ends in the word ""crow"": As the old cock crows, so crows the","[' crow.', ' young.']",0
"Write a quote that ends in the word ""final"": All colours will agree in the","[' dark.', ' final.']",1
"Write a quote that ends in the word ""problem"": Counsel is no","[' command.', ' problem.']",1
"Write a quote that ends in the word ""serve"": Who has not served cannot","[' serve.', ' command.']",0
"Write a quote that ends in the word ""bad"": Common sense is not so","[' bad.', ' common.']",0
"Write a quote that ends in the word ""runs"": A man is known by the company he","[' keeps.', ' runs.']",1
"Write a quote that ends in the word ""shape"": Better to be alone than in bad","[' shape.', ' company.']",0
"Write a quote that ends in the word ""me"": Misery loves","[' company.', ' me.']",1
"Write a quote that ends in the word ""person"": Two is a company; three is a","[' crowd.', ' person.']",1
"Write a quote that ends in the word ""company"": Two is company, three is","[' company.', ' none.']",0
"Write a quote that ends in the word ""available"": Comparisons are","[' odious.', ' available.']",1
"Write a quote that ends in the word ""trust"": Confidence begets","[' trust.', ' confidence.']",0
"Write a quote that ends in the word ""explanation"": A guilty conscience needs no","[' explanation.', ' accuser.']",0
"Write a quote that ends in the word ""food"": He's an ill cook that cannot lick his own","[' fingers.', ' food.']",1
"Write a quote that ends in the word ""eat"": Plough deep while sluggards sleep, and you will have corn to sell and","[' keep.', ' eat.']",1
"Write a quote that ends in the word ""problem"": Counsel is no","[' problem.', ' command.']",0
"Write a quote that ends in the word ""them"": Give neither salt nor counsel till you are asked for","[' them.', ' it.']",0
"Write a quote that ends in the word ""secrets"": Keep your own","[' counsel.', ' secrets.']",1
"Write a quote that ends in the word ""people"": Ask not what your country can do for you - ask what you can do for your","[' country.', ' people.']",1
"Write a quote that ends in the word ""people"": I only regret that I have but one life to lose for my","[' people.', ' country.']",0
"Write a quote that ends in the word ""dead"": Courage lost, all","[' dead.', ' lost.']",0
"Write a quote that ends in the word ""heart"": Coward: one who in a perilous emergency thinks with his","[' heart.', ' legs.']",0
"Write a quote that ends in the word ""needed"": Give credit where credit is","[' needed.', ' due.']",0
"Write a quote that ends in the word ""skin"": To shed crocodile","[' tears.', ' skin.']",1
"Write a quote that ends in the word ""here"": Crows will not pick out crows","[' here.', ' eyes.']",0
"Write a quote that ends in the word ""spoon"": There's many a slip 'twixt cup and","[' lip.', ' spoon.']",1
"Write a quote that ends in the word ""destroyed"": What can't be cured must be","[' endured.', ' destroyed.']",1
"Write a quote that ends in the word ""times"": Other times, other","[' times.', ' customs.']",0
"Write a quote that ends in the word ""happy"": The customer is always","[' right.', ' happy.']",1
"Write a quote that ends in the word ""appear"": Cynic: a blackguard whose faulty vision sees things as they are, not as they ought to","[' appear.', ' be.']",0
"Write a quote that ends in the word ""dawn"": Praise the day at","[' sunset.', ' dawn.']",1
"Write a quote that ends in the word ""hold"": Enjoy the present day, trusting little to what tomorrow may","[' bring.', ' hold.']",1
"Write a quote that ends in the word ""hard"": The day is short and the work is","[' hard.', ' long.']",0
"Write a quote that ends in the word ""lives"": Today is the first day of the rest of your","[' lives.', ' life.']",0
"Write a quote that ends in the word ""equal"": In the long run we are all","[' equal.', ' dead.']",0
"Write a quote that ends in the word ""wounded"": It's safer to commend the dead than the","[' wounded.', ' living.']",0
"Write a quote that ends in the word ""me"": Deep calls to","[' me.', ' deep.']",0
"Write a quote that ends in the word ""swimming"": In the deepest water is the best","[' swimming.', ' fishing.']",0
"Write a quote that ends in the word ""defence"": The best defence is a good","[' defence.', ' offence.']",0
"Write a quote that ends in the word ""frequent"": Delays are","[' frequent.', ' dangerous.']",0
"Write a quote that ends in the word ""it"": There is danger in","[' delay.', ' it.']",1
"Write a quote that ends in the word ""church"": A parish","[' church.', ' demagogue.']",0
"Write a quote that ends in the word ""take"": First deserve, then","[' desire.', ' take.']",1
"Write a quote that ends in the word ""it"": Away goes the devil if he finds the door shut against","[' him.', ' it.']",1
"Write a quote that ends in the word ""reward"": Give the devil his","[' due.', ' reward.']",1
"Write a quote that ends in the word ""tools"": Idle hands are the devil's","[' playthings.', ' tools.']",1
"Write a quote that ends in the word ""stick"": If you sup with the devil, use a long","[' spoon.', ' stick.']",1
"Write a quote that ends in the word ""pay"": Talk of the devil and he's sure to","[' appear.', ' pay.']",1
"Write a quote that ends in the word ""church"": Where God has a church the devil will have his","[' chapel.', ' church.']",1
"Write a quote that ends in the word ""too"": Who digs a trap for others ends up in it","[' himself.', ' too.']",1
"Write a quote that ends in the word ""gold"": An ounce of discretion is worth a pound of","[' wit.', ' gold.']",1
"Write a quote that ends in the word ""it"": Discretion is the better part of","[' it.', ' valor.']",0
"Write a quote that ends in the word ""beliefs"": Discussion: a method of confirming others in their","[' beliefs.', ' errors.']",0
"Write a quote that ends in the word ""virus"": Cure the disease and kill the","[' patient.', ' virus.']",1
"Write a quote that ends in the word ""consequences"": Desperate diseases must have desperate","[' consequences.', ' remedies.']",0
"Write a quote that ends in the word ""things"": We all labour against our own cure, for death is the cure of all","[' things.', ' diseases.']",0
"Write a quote that ends in the word ""water"": Better go about than fall into the","[' water.', ' ditch.']",0
"Write a quote that ends in the word ""themselves"": Do unto others as you would have them do unto","[' themselves.', ' you.']",0
"Write a quote that ends in the word ""right"": If you want a thing done right, do it","[' yourself.', ' right.']",1
"Write a quote that ends in the word ""cure"": God heals, and the doctor takes the","[' cure.', ' fee.']",0
"Write a quote that ends in the word ""friend"": Hide nothing from thy minister, physician and","[' friend.', ' lawyer.']",0
"Write a quote that ends in the word ""mother"": Never lie to your","[' mother.', ' doctor.']",0
"Write a quote that ends in the word ""stick"": A dog will not howl if you beat him with a","[' stick.', ' bone.']",0
"Write a quote that ends in the word ""man"": A staff is quickly found to beat a","[' man.', ' dog.']",0
"Write a quote that ends in the word ""for"": All are not thieves that dogs bark","[' for.', ' at.']",0
"Write a quote that ends in the word ""bark"": Barking dogs seldom","[' bark.', ' bite.']",0
"Write a quote that ends in the word ""not"": Brag is a good dog, but holdfast is","[' better.', ' not.']",1
"Write a quote that ends in the word ""by"": The dogs bark but the caravan passes","[' on.', ' by.']",1
"Write a quote that ends in the word ""face"": Dogs wags their tails, not as much to you as to your","[' face.', ' bread.']",0
"Write a quote that ends in the word ""owner"": Every dog has his","[' owner.', ' day.']",0
"Write a quote that ends in the word ""it"": Give a dog a bad name and hang","[' him.', ' it.']",1
"Write a quote that ends in the word ""that"": Give a dog a bad name and he'll live up to","[' it.', ' that.']",1
"Write a quote that ends in the word ""dead"": He that would hang his dog gives out first that he is","[' dead.', ' mad.']",0
"Write a quote that ends in the word ""them"": If you lie down with dogs, you'll get up with","[' them.', ' fleas.']",0
"Write a quote that ends in the word ""runs"": Variant: A man is known by the company he","[' keeps.', ' runs.']",1
"Write a quote that ends in the word ""house"": It's not the size of the dog in the fight; it's the size of the fight in the","[' dog.', ' house.']",1
"Write a quote that ends in the word ""sleep"": Let sleeping dogs","[' lie.', ' sleep.']",1
"Write a quote that ends in the word ""love"": Love me, love my","[' love.', ' dog.']",0
"Write a quote that ends in the word ""meat"": Eat your own dog","[' food.', ' meat.']",1
"Write a quote that ends in the word ""times"": The door swings both","[' times.', ' ways.']",0
"Write a quote that ends in the word ""it"": When one door closes, another door opens. or God never closes one door without opening","[' another.', ' it.']",1
"Write a quote that ends in the word ""proceed"": When in doubt,","[' proceed.', "" don't.""]",0
"Write a quote that ends in the word ""so"": When in doubt, do","[' nothing.', ' so.']",1
"Write a quote that ends in the word ""alone"": When in doubt, leave it","[' out.', ' alone.']",1
"Write a quote that ends in the word ""fast"": Dreams go by","[' fast.', ' contraries.']",0
"Write a quote that ends in the word ""strength"": Constant dropping wears away the","[' strength.', ' stone.']",0
"Write a quote that ends in the word ""man"": Once a drunkard always a","[' drunkard.', ' man.']",1
"Write a quote that ends in the word ""goose"": If it looks like a duck, swims like a duck, and quacks like a duck, then it probably is a","[' duck.', ' goose.']",1
"Write a quote that ends in the word ""city"": Dwarf on a giant's shoulder sees farther of the","[' two.', ' city.']",1
"Write a quote that ends in the word ""next"": In at one ear and out at the","[' next.', ' other.']",0
"Write a quote that ends in the word ""fallen"": Take heed what you say. Walls have","[' fallen.', ' ears.']",0
"Write a quote that ends in the word ""happy"": Early to bed and early to rise, makes a man healthy, wealthy and","[' wise.', ' happy.']",1
"Write a quote that ends in the word ""did"": Easier said than","[' done.', ' did.']",1
"Write a quote that ends in the word ""fact"": It's easy to be wise after the","[' fact.', ' event.']",0
"Write a quote that ends in the word ""cooking"": Good eating deserves good","[' cooking.', ' drinking.']",0
"Write a quote that ends in the word ""go"": You don't shit where you","[' go.', ' eat.']",0
"Write a quote that ends in the word ""it"": Eavesdroppers hear no good of","[' it.', ' themselves.']",0
"Write a quote that ends in the word ""knowledge"": Education: that which discloses to the wise and disguises from the foolish their lack of","[' knowledge.', ' understanding.']",0
"Write a quote that ends in the word ""today"": Better an egg today than a hen","[' tomorrow.', ' today.']",1
"Write a quote that ends in the word ""bowl"": Don't put all your eggs in one","[' bowl.', ' basket.']",0
"Write a quote that ends in the word ""exchanged"": Eggs and oaths are soon","[' exchanged.', ' broken.']",0
"Write a quote that ends in the word ""egg"": He that steals an egg will steal an","[' ox.', ' egg.']",1
"Write a quote that ends in the word ""rules"": You can't have an omelette unless you break the","[' rules.', ' egg.']",0
"Write a quote that ends in the word ""others"": Egotist: a person of low taste, more interested in himself than in","[' others.', ' me.']",0
"Write a quote that ends in the word ""noise"": Empty vessels make the greatest","[' noise.', ' sound.']",0
"Write a quote that ends in the word ""today"": All's well that ends","[' well.', ' today.']",1
"Write a quote that ends in the word ""consequences"": Whatever you do, act wisely, and consider the","[' end.', ' consequences.']",1
"Write a quote that ends in the word ""few"": Do not think that one enemy is insignificant, or that a thousand friends are too","[' few.', ' many.']",0
"Write a quote that ends in the word ""enemy"": The enemy of my enemy is my","[' enemy.', ' friend.']",0
"Write a quote that ends in the word ""us"": If you have no enemies it is a sign that fortune has forgotten","[' you.', ' us.']",1
"Write a quote that ends in the word ""girl"": There is no little","[' enemy.', ' girl.']",1
"Write a quote that ends in the word ""ourselves"": We carry our greatest enemies within","[' ourselves.', ' us.']",0
"Write a quote that ends in the word ""Life"": Energy is Eternal","[' Life.', ' Delight.']",0
"Write a quote that ends in the word ""theatre"": Eternity is in love with the productions of","[' theatre.', ' time.']",0
"Write a quote that ends in the word ""color"": Every cloud has a silver","[' color.', ' lining.']",0
"Write a quote that ends in the word ""matter"": Every maybe hath a may not","[' be.', ' matter.']",1
"Write a quote that ends in the word ""petals"": Every rose has its","[' thorn.', ' petals.']",1
"Write a quote that ends in the word ""them"": Everyone talks about the weather, but nobody does anything about","[' them.', ' it.']",0
"Write a quote that ends in the word ""right"": What everybody says must be","[' true.', ' right.']",1
"Write a quote that ends in the word ""harm"": Avoid evil and it will avoid","[' thee.', ' harm.']",1
"Write a quote that ends in the word ""good"": Evil begets","[' good.', ' evil.']",0
"Write a quote that ends in the word ""first"": Of two evils choose the","[' first.', ' least.']",0
"Write a quote that ends in the word ""spirit"": Sufficient unto the day is the evil","[' thereof.', ' spirit.']",1
"Write a quote that ends in the word ""example"": Example is better than","[' example.', ' correction.']",0
"Write a quote that ends in the word ""opposite"": The exception proves the","[' opposite.', ' rule.']",0
"Write a quote that ends in the word ""confidence"": All experience is an arch, to build","[' confidence.', ' upon.']",0
"Write a quote that ends in the word ""nature"": Experience is a revelation in the light of which we renounce our errors of youth for those of","[' nature.', ' age.']",0
"Write a quote that ends in the word ""thing"": Experience is the best","[' teacher.', ' thing.']",1
"Write a quote that ends in the word ""thinks"": The eye looks but it is the mind that","[' sees.', ' thinks.']",1
"Write a quote that ends in the word ""hair"": Don't cut off your nose to spite your","[' hair.', ' face.']",0
"Write a quote that ends in the word ""bitch"": Fair play's a","[' bitch.', ' jewel.']",0
"Write a quote that ends in the word ""come"": Common fame is seldom to","[' come.', ' blame.']",0
"Write a quote that ends in the word ""ready"": Don't fall before you're","[' ready.', ' pushed.']",0
"Write a quote that ends in the word ""rise"": Our greatest glory is not in never falling but in rising every time we","[' rise.', ' fall.']",0
"Write a quote that ends in the word ""way"": Accidents will happen in the best","[' families.', ' way.']",1
"Write a quote that ends in the word ""hand"": Far from eye, far from","[' hand.', ' heart.']",0
"Write a quote that ends in the word ""mock"": Fashion: a despot whom the wise ridicule and","[' mock.', ' obey.']",0
"Write a quote that ends in the word ""stomach"": The fat is in the","[' fire.', ' stomach.']",1
"Write a quote that ends in the word ""concerned"": Faults are thick where love is","[' concerned.', ' thin.']",0
"Write a quote that ends in the word ""ourselves"": We have nothing to fear but fear","[' ourselves.', ' itself.']",0
"Write a quote that ends in the word ""hands"": It is better to die on one's feet than live on one's","[' hands.', ' knees.']",0
"Write a quote that ends in the word ""horses"": Good fences make good","[' neighbors.', ' horses.']",1
"Write a quote that ends in the word ""go"": First come, first","[' served.', ' go.']",1
"Write a quote that ends in the word ""healthy"": The first step to health is to know that we are","[' healthy.', ' sick.']",0
"Write a quote that ends in the word ""First"": First things","[' first.', ' First.']",1
"Write a quote that ends in the word ""harder"": If at first you don't succeed, try, try","[' again.', ' harder.']",1
"Write a quote that ends in the word ""second"": The last will be first, and the first","[' second.', ' last.']",0
"Write a quote that ends in the word ""for"": Love is not finding someone to live with; it's finding someone whom you can't live","[' without.', ' for.']",1
"Write a quote that ends in the word ""seek"": Seek and ye shall","[' seek.', ' find.']",0
"Write a quote that ends in the word ""go"": You always find something in the last place you","[' look.', ' go.']",1
"Write a quote that ends in the word ""flames"": A burnt child dreads the","[' flames.', ' fire.']",0
"Write a quote that ends in the word ""mixture"": Do not add oil to the","[' fire.', ' mixture.']",1
"Write a quote that ends in the word ""flames"": Fight fire with","[' fire.', ' flames.']",1
"Write a quote that ends in the word ""fuel"": No fire without some","[' smoke.', ' fuel.']",1
"Write a quote that ends in the word ""smoke"": There is no smoke without","[' fire.', ' smoke.']",1
"Write a quote that ends in the word ""sea"": All is fish that comes to the","[' net.', ' sea.']",1
"Write a quote that ends in the word ""day"": Give a man a fish and you feed him for a day. Teach a man to fish and you feed him for a","[' lifetime.', ' day.']",1
"Write a quote that ends in the word ""there"": There are as good fish in the sea as ever were","[' caught.', ' there.']",1
"Write a quote that ends in the word ""yourself"": If you got it, flaunt","[' yourself.', ' it.']",0
"Write a quote that ends in the word ""impulse"": Go with the","[' impulse.', ' flow.']",0
"Write a quote that ends in the word ""me"": Say it with","[' me.', ' flowers.']",0
"Write a quote that ends in the word ""oil"": You can catch more flies with a drop of honey than with a barrel of","[' oil.', ' vinegar.']",0
"Write a quote that ends in the word ""born"": A fool is ever","[' laughing.', ' born.']",1
"Write a quote that ends in the word ""saw"": A fool sees not the same tree that a wise man","[' sees.', ' saw.']",1
"Write a quote that ends in the word ""none"": Better foolish by all than wise by","[' none.', ' yourself.']",0
"Write a quote that ends in the word ""words"": Better to remain silent and be thought a fool, than to open your mouth and remove all","[' doubt.', ' words.']",1
"Write a quote that ends in the word ""wealthy"": Fools live poor to die","[' rich.', ' wealthy.']",1
"Write a quote that ends in the word ""stupid"": The first chapter of fools is to think themselves","[' wise.', ' stupid.']",1
"Write a quote that ends in the word ""work"": Every fool is pleased with his own","[' folly.', ' work.']",1
"Write a quote that ends in the word ""you"": Fool me once, shame on you. Fool me twice, shame on","[' me.', ' you.']",1
"Write a quote that ends in the word ""go"": Fools rush in where angels fear to","[' go.', ' tread.']",0
"Write a quote that ends in the word ""everything"": He is a fool that forgets","[' everything.', ' himself.']",0
"Write a quote that ends in the word ""win"": He that leaves certainty and sticks to chance,<br> When fools pipe, he may","[' win.', ' dance.']",0
"Write a quote that ends in the word ""king"": If the fool would persist in his folly he would become","[' wise.', ' king.']",1
"Write a quote that ends in the word ""land"": Knaves and fools divide the","[' world.', ' land.']",1
"Write a quote that ends in the word ""worse"": Natural folly is bad enough, but learned folly is","[' intolerable.', ' worse.']",1
"Write a quote that ends in the word ""to"": A tongue of a fool carves a piece of his heart to all sit near","[' him.', ' to.']",1
"Write a quote that ends in the word ""came"": The last fool never","[' came.', ' dies.']",0
"Write a quote that ends in the word ""man"": There's no fool like an old","[' fool.', ' man.']",1
"Write a quote that ends in the word ""will"": A wise man changes his mind, but a fool never","[' will.', ' does.']",0
"Write a quote that ends in the word ""no"": Forewarned,","[' no.', ' forearmed.']",0
"Write a quote that ends in the word ""forgive"": Forgive and","[' forget.', ' forgive.']",1
"Write a quote that ends in the word ""is"": To err is human, to forgive","[' divine.', ' is.']",1
"Write a quote that ends in the word ""mocked"": If fortune favours, beware of being exalted; if fortune thunders, beware of being","[' mocked.', ' overwhelmed.']",0
"Write a quote that ends in the word ""ground"": Fire, quoth the fox, when he pissed on the","[' ice.', ' ground.']",1
"Write a quote that ends in the word ""sheep"": Set the fox to mind the","[' sheep.', ' geese.']",0
"Write a quote that ends in the word ""edible"": The fox, when he cannot reach the grapes, says they are not","[' ripe.', ' edible.']",1
"Write a quote that ends in the word ""fear"": A friend cannot be known in prosperity nor an enemy be hidden in","[' adversity.', ' fear.']",1
"Write a quote that ends in the word ""trouble"": A friend is best found in","[' adversity.', ' trouble.']",1
"Write a quote that ends in the word ""lost"": A friend in need is a friend","[' indeed.', ' lost.']",1
"Write a quote that ends in the word ""dies"": A good friend never","[' dies.', ' offends.']",0
"Write a quote that ends in the word ""alone"": A true friend does sometime venture to be","[' alone.', ' offensive.']",0
"Write a quote that ends in the word ""agent"": A reconciled friend is a double","[' enemy.', ' agent.']",1
"Write a quote that ends in the word ""language"": All are not friends who speak one","[' fair.', ' language.']",1
"Write a quote that ends in the word ""you"": Be a friend to thyself, and others will befriend","[' thee.', ' you.']",1
"Write a quote that ends in the word ""anymore"": Bought friends are not friends","[' indeed.', ' anymore.']",1
"Write a quote that ends in the word ""few"": Do not think that one enemy is insignificant, or that a thousand friends are too","[' few.', ' many.']",0
"Write a quote that ends in the word ""ones"": False friends are worse than open","[' ones.', ' enemies.']",0
"Write a quote that ends in the word ""back"": Friends are lost by calling often and calling","[' seldom.', ' back.']",1
"Write a quote that ends in the word ""souls"": Friends are thieves of","[' souls.', ' time.']",0
"Write a quote that ends in the word ""insides"": He is my friend who grinds at my","[' mill.', ' insides.']",1
"Write a quote that ends in the word ""you"": He is my friend that succoreth me, not he that pitieth","[' me.', ' you.']",1
"Write a quote that ends in the word ""others"": If you want enemies excel others, if you want friends let others excel","[' others.', ' you.']",0
"Write a quote that ends in the word ""kind"": It is a good friend that is always giving, though it be never so","[' kind.', ' little.']",0
"Write a quote that ends in the word ""earth"": It is good to have some friends both in heaven and","[' hell.', ' earth.']",1
"Write a quote that ends in the word ""care"": No longer foster, no longer","[' friend.', ' care.']",1
"Write a quote that ends in the word ""everything"": Our friends are our mirrors and show us","[' ourselves.', ' everything.']",1
"Write a quote that ends in the word ""flaws"": Perfect friendship cannot be without","[' flaws.', ' equality.']",0
"Write a quote that ends in the word ""doubt"": When thy friend asks, let there be no","[' doubt.', ' to-morrow.']",0
"Write a quote that ends in the word ""norm"": Stolen fruit is the","[' sweetest.', ' norm.']",1
"Write a quote that ends in the word ""roots"": You know the tree by its","[' fruit.', ' roots.']",1
"Write a quote that ends in the word ""off"": Garbage in, garbage","[' off.', ' out.']",0
"Write a quote that ends in the word ""flowers"": A man of words and not of deeds, is like a garden full of","[' flowers.', ' weeds.']",0
"Write a quote that ends in the word ""inspiration"": Genius is one percent inspiration and ninety nine percent","[' perspiration.', ' inspiration.']",1
"Write a quote that ends in the word ""nest"": It takes three generations to make a","[' gentleman.', ' nest.']",1
"Write a quote that ends in the word ""lady"": Once a gentleman, always a","[' lady.', ' gentleman.']",0
"Write a quote that ends in the word ""game"": Give and take is fair","[' play.', ' game.']",1
"Write a quote that ends in the word ""have"": Give, and ye shall","[' receive.', ' have.']",1
"Write a quote that ends in the word ""needed"": Give credit where credit is","[' due.', ' needed.']",1
"Write a quote that ends in the word ""step"": Give him an inch and he'll take a","[' step.', ' yard.']",0
"Write a quote that ends in the word ""second"": He gives twice who gives in a","[' trice.', ' second.']",1
"Write a quote that ends in the word ""glory"": Follow glory and it will flee, flee glory and it will follow","[' thee.', ' glory.']",1
"Write a quote that ends in the word ""house"": Don't go between the tree and the","[' house.', ' bark.']",0
"Write a quote that ends in the word ""round"": What goes around comes","[' around.', ' round.']",1
"Write a quote that ends in the word ""back"": What goes up must come","[' down.', ' back.']",1
"Write a quote that ends in the word ""out"": When the going gets tough, the tough get","[' going.', ' out.']",1
"Write a quote that ends in the word ""cure"": God heals, and the doctor takes the","[' fee.', ' cure.']",1
"Write a quote that ends in the word ""help"": God helps the rich, the poor can","[' help.', ' beg.']",0
"Write a quote that ends in the word ""good"": God is, and all is","[' well.', ' good.']",1
"Write a quote that ends in the word ""man"": God is on the side of the strongest","[' man.', ' battalions.']",0
"Write a quote that ends in the word ""us"": God sends fortune to","[' us.', ' fools.']",0
"Write a quote that ends in the word ""places"": God works in mysterious","[' places.', ' ways.']",0
"Write a quote that ends in the word ""God"": God's a good","[' God.', ' man.']",0
"Write a quote that ends in the word ""him"": Whom God will destroy, he first make","[' him.', ' mad.']",0
"Write a quote that ends in the word ""silver"": All that glisters is not gold. or All that glitters is not","[' silver.', ' gold.']",0
"Write a quote that ends in the word ""End"": All good things must come to an","[' End.', ' end.']",0
"Write a quote that ends in the word ""not"": Anything good in life is either illegal, immoral or","[' not.', ' fattening.']",0
"Write a quote that ends in the word ""does"": If it sounds too good to be true, it probably","[' is.', ' does.']",1
"Write a quote that ends in the word ""good"": If you can't be good, be","[' careful.', ' good.']",1
"Write a quote that ends in the word ""hard"": Only the good die","[' young.', ' hard.']",1
"Write a quote that ends in the word ""wants"": Rich men seem happy, great and wise, all which the good man only","[' wants.', ' is.']",0
"Write a quote that ends in the word ""world"": The best goods are cheapest in the","[' end.', ' world.']",1
"Write a quote that ends in the word ""seeds"": Don't kill the goose that lays the golden","[' seeds.', ' eggs.']",0
"Write a quote that ends in the word ""fly"": Every man thinks his own geese","[' fly.', ' swans.']",0
"Write a quote that ends in the word ""word"": Goose, gander and gosling are three sounds but one","[' thing.', ' word.']",1
"Write a quote that ends in the word ""goose"": What's good for the goose is good for the","[' gander.', ' goose.']",1
"Write a quote that ends in the word ""well"": Gossip is vice enjoyed","[' vicariously.', ' well.']",1
"Write a quote that ends in the word ""them"": Whoever gossips to you will gossip of","[' them.', ' you.']",0
"Write a quote that ends in the word ""best"": That government is best which governs","[' least.', ' best.']",1
"Write a quote that ends in the word ""hand"": The grass is always greener on the other","[' hand.', ' side.']",0
"Write a quote that ends in the word ""nothing"": Grasp all, lose","[' all.', ' nothing.']",1
"Write a quote that ends in the word ""him"": Great events cast their shadows before","[' him.', ' them.']",0
"Write a quote that ends in the word ""think"": Great minds","[' think.', ' agree.']",0
"Write a quote that ends in the word ""people"": Great spirits have always encountered violent opposition from mediocre","[' people.', ' minds.']",0
"Write a quote that ends in the word ""explanation"": A guilty conscience needs no","[' accuser.', ' explanation.']",1
"Write a quote that ends in the word ""swords"": Beware of Greeks bearing","[' gifts.', ' swords.']",1
"Write a quote that ends in the word ""thing"": Habit is a great","[' thing.', ' deadener.']",0
"Write a quote that ends in the word ""yourself"": Never do things by","[' halves.', ' yourself.']",1
"Write a quote that ends in the word ""thinking"": Never let the right hand know what the left hand is","[' thinking.', ' doing.']",0
"Write a quote that ends in the word ""dishes"": One hand washes the","[' other.', ' dishes.']",1
"Write a quote that ends in the word ""face"": Handsome is that handsome","[' face.', ' does.']",0
"Write a quote that ends in the word ""heart"": Hard words break no","[' bones.', ' heart.']",1
"Write a quote that ends in the word ""break"": Drumming is not the way to catch a","[' hare.', ' break.']",1
"Write a quote that ends in the word ""moment"": You must not run after two hares at the same","[' moment.', ' time.']",0
"Write a quote that ends in the word ""now"": Make haste","[' slowly.', ' now.']",1
"Write a quote that ends in the word ""progress"": Haste makes","[' waste.', ' progress.']",1
"Write a quote that ends in the word ""face"": Hawks will not pick out Hawk's","[' face.', ' eyes.']",0
"Write a quote that ends in the word ""wants"": He that can have patience can have what he","[' wants.', ' will.']",0
"Write a quote that ends in the word ""dark"": He that hath a head of wax must not walk in the","[' sun.', ' dark.']",1
"Write a quote that ends in the word ""none"": Two heads are better than","[' one.', ' none.']",1
"Write a quote that ends in the word ""faces"": We should not expect to find old heads on young","[' shoulders.', ' faces.']",1
"Write a quote that ends in the word ""affected"": When the head is sick, the whole body is","[' affected.', ' sick.']",0
"Write a quote that ends in the word ""body"": Who falls short in the head must be long in the","[' body.', ' heels.']",0
"Write a quote that ends in the word ""life"": Health is better than","[' life.', ' wealth.']",0
"Write a quote that ends in the word ""good"": Health is","[' good.', ' wealth.']",0
"Write a quote that ends in the word ""car"": A man too busy to take care of his health is like a mechanic too busy to take care of his","[' tools.', ' car.']",1
"Write a quote that ends in the word ""eye"": The heart sees farther than the","[' head.', ' eye.']",1
"Write a quote that ends in the word ""apart"": A hedge between keeps friends","[' apart.', ' green.']",0
"Write a quote that ends in the word ""high"": Men leap over where the hedge is","[' lower.', ' high.']",1
"Write a quote that ends in the word ""know"": Take heed you find not what you do not","[' know.', ' seek.']",0
"Write a quote that ends in the word ""here"": And thou unfit for any place but","[' here.', ' hell.']",0
"Write a quote that ends in the word ""heaven"": Come hell or high","[' water.', ' heaven.']",1
"Write a quote that ends in the word ""gone"": Hell is empty and all the devils are","[' here.', ' gone.']",1
"Write a quote that ends in the word ""luck"": The road to hell is paved with good","[' luck.', ' intentions.']",0
"Write a quote that ends in the word ""control"": But what is past my help, is past my","[' care.', ' control.']",1
"Write a quote that ends in the word ""thing"": Every little","[' thing.', ' helps.']",0
"Write a quote that ends in the word ""doomed"": He who hesitates is","[' lost.', ' doomed.']",1
"Write a quote that ends in the word ""mountain"": If the hill will not come to Mahomet, Mahomet will go to the","[' hill.', ' mountain.']",1
"Write a quote that ends in the word ""there"": Hindsight is always","[' there.', ' twenty-twenty.']",0
"Write a quote that ends in the word ""themselves"": History repeats","[' itself.', ' themselves.']",1
"Write a quote that ends in the word ""moving"": If you're in a hole, stop","[' digging.', ' moving.']",1
"Write a quote that ends in the word ""lies"": Home is where the heart","[' lies.', ' is.']",0
"Write a quote that ends in the word ""it"": There's no place like","[' home.', ' it.']",1
"Write a quote that ends in the word ""honour"": What is honour? a word. What is that word, honour?","[' Air.', ' honour.']",1
"Write a quote that ends in the word ""one"": Hope is a good breakfast, but it is a bad","[' supper.', ' one.']",1
"Write a quote that ends in the word ""man"": A nod's as good as a wink to a blind","[' man.', ' horse.']",0
"Write a quote that ends in the word ""public"": Don't change horses in","[' public.', ' midstream.']",0
"Write a quote that ends in the word ""man"": Don't put the cart before the","[' man.', ' horse.']",0
"Write a quote that ends in the word ""come"": If wishes were horses, beggars would","[' ride.', ' come.']",1
"Write a quote that ends in the word ""ears"": I'll hear it from the horse's","[' mouth.', ' ears.']",1
"Write a quote that ends in the word ""fails"": It's a good horse that never","[' fails.', ' stumbles.']",0
"Write a quote that ends in the word ""eyes"": Look not a gift horse in the","[' eyes.', ' mouth.']",0
"Write a quote that ends in the word ""eye"": Never look a gift horse in the","[' eye.', ' mouth.']",0
"Write a quote that ends in the word ""happier"": A golden bit does not make the horse any","[' happier.', ' better.']",0
"Write a quote that ends in the word ""sink"": You can lead a horse to water but you can't make it","[' drink.', ' sink.']",1
"Write a quote that ends in the word ""state"": Zeal without knowledge is a runaway","[' state.', ' horse.']",0
"Write a quote that ends in the word ""shelter"": Hospitality: the virtue which induces us to feed and lodge certain persons who are not in need of food and","[' shelter.', ' lodging.']",0
"Write a quote that ends in the word ""manner"": All things are soon prepared in a well ordered","[' house.', ' manner.']",1
"Write a quote that ends in the word ""home"": My house is my","[' home.', ' castle.']",0
"Write a quote that ends in the word ""up"": People who live in glass houses shouldn't throw","[' up.', ' stones.']",0
"Write a quote that ends in the word ""Hon"": Admiration is the daughter of","[' Hon.', ' ignorance.']",0
"Write a quote that ends in the word ""death"": Ignorance is","[' death.', ' bliss.']",0
"Write a quote that ends in the word ""have"": The ignorant always adore what they cannot","[' understand.', ' have.']",1
"Write a quote that ends in the word ""ignorant"": Where ignorance is bliss, 'tis folly to be","[' ignorant.', ' wise.']",0
"Write a quote that ends in the word ""consciousness"": Imiation is the highest form of","[' flattery.', ' consciousness.']",1
"Write a quote that ends in the word ""outcomes"": Insanity is doing the same thing over and over, expecting different","[' outcomes.', ' results.']",0
"Write a quote that ends in the word ""shed"": Don't have too many irons in the","[' shed.', ' fire.']",0
"Write a quote that ends in the word ""steel"": Iron sharpens","[' iron.', ' steel.']",1
"Write a quote that ends in the word ""hand"": It is always good when a man has two irons in the","[' hand.', ' fire.']",0
"Write a quote that ends in the word ""rises"": Strike while the iron is hot. or Make hay while the sun","[' rises.', ' shines.']",0
"Write a quote that ends in the word ""animal"": No man is an","[' animal.', ' island.']",0
"Write a quote that ends in the word ""it"": If a job is worth doing, it is worth doing","[' it.', ' well.']",0
"Write a quote that ends in the word ""doubled"": Joy shared, joy doubled: sorrow shared, sorrow","[' halved.', ' doubled.']",1
"Write a quote that ends in the word ""failure"": Hasty judgment leads to","[' failure.', ' repentance.']",0
"Write a quote that ends in the word ""delayed"": Justice delayed is justice","[' delayed.', ' denied.']",0
"Write a quote that ends in the word ""way"": Justice pleaseth few in their own","[' way.', ' house.']",0
"Write a quote that ends in the word ""useless"": Without justice, courage is","[' useless.', ' weak.']",0
"Write a quote that ends in the word ""time"": Kindness, like grain, increases by","[' sowing.', ' time.']",1
"Write a quote that ends in the word ""distant"": Keep your friends close, but your enemies","[' closer.', ' distant.']",1
"Write a quote that ends in the word ""more"": The king can do no","[' wrong.', ' more.']",1
"Write a quote that ends in the word ""it"": Know","[' thyself.', ' it.']",1
"Write a quote that ends in the word ""eye"": Learning is the eye of the","[' mind.', ' eye.']",1
"Write a quote that ends in the word ""purpose"": A good mind possesses a","[' purpose.', ' kingdom.']",0
"Write a quote that ends in the word ""house"": If you can't take the heat, get out of the","[' house.', ' kitchen.']",0
"Write a quote that ends in the word ""game"": Faint heart never won fair","[' lady.', ' game.']",1
"Write a quote that ends in the word ""dies"": It ain't over till the fat lady","[' sings.', ' dies.']",1
"Write a quote that ends in the word ""kitchen"": Joan is as good as my lady in the","[' kitchen.', ' dark.']",0
"Write a quote that ends in the word ""life"": Knowledge is","[' life.', ' power.']",0
"Write a quote that ends in the word ""blind"": In the land of the blind, the one-eyed man is","[' blind.', ' king.']",0
"Write a quote that ends in the word ""free"": The land of the free, and the home of the","[' brave.', ' free.']",1
"Write a quote that ends in the word ""shoulders"": It's a long lane that has no","[' turning.', ' shoulders.']",1
"Write a quote that ends in the word ""well"": That's not good language that all understand","[' not.', ' well.']",1
"Write a quote that ends in the word ""first"": He laughs best who laughs","[' first.', ' last.']",0
"Write a quote that ends in the word ""too"": Laugh and the world laughs with you, cry and you cry","[' alone.', ' too.']",1
"Write a quote that ends in the word ""first"": Laws catch flies, but lets hornets go","[' free.', ' first.']",1
"Write a quote that ends in the word ""nerve"": To be on one's last","[' nerve.', ' legs.']",0
"Write a quote that ends in the word ""better"": Less is","[' more.', ' better.']",1
"Write a quote that ends in the word ""it"": It is a strange desire to seek power and to lose","[' liberty.', ' it.']",1
"Write a quote that ends in the word ""edges"": A lie can go halfway around the world and back again while the truth is lacing up its","[' boots.', ' edges.']",1
"Write a quote that ends in the word ""birth"": Life begins at","[' birth.', ' forty.']",0
"Write a quote that ends in the word ""death"": Life imitates","[' death.', ' art.']",0
"Write a quote that ends in the word ""life"": Life is what you make of","[' it.', ' life.']",1
"Write a quote that ends in the word ""should"": Life's battles don't always go to the stronger or faster man, but sooner or later the man who wins is the one who thinks he","[' should.', ' can.']",0
"Write a quote that ends in the word ""things"": Look on the sunny side of","[' things.', ' life.']",0
"Write a quote that ends in the word ""simple"": The best things in life are","[' simple.', ' free.']",0
"Write a quote that ends in the word ""day"": Lightning never strikes twice in the same","[' place.', ' day.']",1
"Write a quote that ends in the word ""do"": Like cures","[' do.', ' like.']",0
"Write a quote that ends in the word ""daughter"": Like father, like","[' daughter.', ' son.']",0
"Write a quote that ends in the word ""here"": Don't wash your dirty linen in","[' here.', ' public.']",0
"Write a quote that ends in the word ""trade"": A losing trade, I assure you, sir; literature is a","[' trade.', ' drug.']",0
"Write a quote that ends in the word ""Bit"": Little by little and bit by","[' Bit.', ' bit.']",0
"Write a quote that ends in the word ""combination"": A little knowledge is a dangerous","[' thing.', ' combination.']",1
"Write a quote that ends in the word ""die"": Live and let","[' live.', ' die.']",1
"Write a quote that ends in the word ""eat"": Nobody is healthy in London, nobody can","[' be.', ' eat.']",1
"Write a quote that ends in the word ""speak"": Look before you","[' speak.', ' leap.']",0
"Write a quote that ends in the word ""things"": Look on the sunny side of","[' life.', ' things.']",1
"Write a quote that ends in the word ""together"": Loose lips sink","[' together.', ' ships.']",0
"Write a quote that ends in the word ""vain"": All is not lost that is in","[' vain.', ' danger.']",0
"Write a quote that ends in the word ""everything"": Use it or lose","[' it.', ' everything.']",1
"Write a quote that ends in the word ""doubt"": Love and ambition admit no","[' doubt.', ' fellowship.']",0
"Write a quote that ends in the word ""pain"": Love ceases to be a pleasure, when it ceases to be a","[' pain.', ' secret.']",0
"Write a quote that ends in the word ""everything"": Love is","[' blind.', ' everything.']",1
"Write a quote that ends in the word ""me"": Love laughs at","[' locksmiths.', ' me.']",1
"Write a quote that ends in the word ""once"": It's better to have loved and lost than never to have loved at","[' once.', ' all.']",0
"Write a quote that ends in the word ""big"": Love me little, love me","[' long.', ' big.']",1
"Write a quote that ends in the word ""know"": Those have most power to hurt us that we","[' know.', ' love.']",0
"Write a quote that ends in the word ""world"": There's no such thing as a free","[' lunch.', ' world.']",1
"Write a quote that ends in the word ""here"": Though this be madness, yet there is method","[' here.', "" in't.""]",0
"Write a quote that ends in the word ""situation"": Make the best of a bad","[' situation.', ' bargain.']",0
"Write a quote that ends in the word ""sin"": A man's folly ought to be his greatest","[' secret.', ' sin.']",1
"Write a quote that ends in the word ""business"": A man's home is his","[' business.', ' castle.']",0
"Write a quote that ends in the word ""family"": A man's worst enemies are often those of his own","[' family.', ' house.']",0
"Write a quote that ends in the word ""me"": Do a man a good turn and he'll never forgive","[' you.', ' me.']",1
"Write a quote that ends in the word ""kill"": Good men are hard to","[' kill.', ' find.']",0
"Write a quote that ends in the word ""morning"": Man is a noble animal, splendid in ashes, and pompous in the","[' morning.', ' grave.']",0
"Write a quote that ends in the word ""best"": Manners maketh the","[' man.', ' best.']",1
"Write a quote that ends in the word ""eyes"": The way to a man's heart is through his","[' stomach.', ' eyes.']",1
"Write a quote that ends in the word ""time"": Thou wilt scarce be a man before thy","[' time.', ' mother.']",0
"Write a quote that ends in the word ""mistakes"": Wise men learn by other men's harms, fools by their","[' own.', ' mistakes.']",1
"Write a quote that ends in the word ""done"": Ne'er cast a clout till May be","[' done.', ' out.']",0
"Write a quote that ends in the word ""mistake"": Many a mickle makes a","[' muckle.', ' mistake.']",1
"Write a quote that ends in the word ""water"": Many things are lost for want of","[' water.', ' asking.']",0
"Write a quote that ends in the word ""married"": A young man married is a young man","[' married.', ' marred.']",0
"Write a quote that ends in the word ""once"": Marry in haste, and repent at","[' once.', ' leisure.']",0
"Write a quote that ends in the word ""short"": Measure twice, cut","[' short.', ' once.']",0
"Write a quote that ends in the word ""run"": It's never too late to","[' run.', ' mend.']",0
"Write a quote that ends in the word ""power"": Might is","[' power.', ' right.']",0
"Write a quote that ends in the word ""truth"": Men talk only to conceal the","[' mind.', ' truth.']",1
"Write a quote that ends in the word ""affairs"": Mind your own","[' business.', ' affairs.']",1
"Write a quote that ends in the word ""language"": Mind your P's and Q's. or British: Mind your","[' language.', ' manners.']",0
"Write a quote that ends in the word ""hearing"": Out of sight, out of","[' hearing.', ' mind.']",0
"Write a quote that ends in the word ""measured"": The longest mile is the last mile","[' measured.', ' home.']",0
"Write a quote that ends in the word ""coffee"": It's no use crying over spilt","[' milk.', ' coffee.']",1
"Write a quote that ends in the word ""friends"": The best place for criticism is in front of your","[' friends.', ' mirror.']",0
"Write a quote that ends in the word ""true"": Misfortunes never come","[' singly.', ' true.']",1
"Write a quote that ends in the word ""foot"": A miss by an inch is a miss by a","[' foot.', ' mile.']",0
"Write a quote that ends in the word ""again"": Don't make the same mistake","[' twice.', ' again.']",1
"Write a quote that ends in the word ""bodies"": The mob has many heads, but no","[' bodies.', ' brains.']",0
"Write a quote that ends in the word ""problems"": For the love of money is a root of all kinds of","[' problems.', ' evil.']",0
"Write a quote that ends in the word ""same"": I'm tired of Love: I'm still more tired of Rhyme. But Money gives me pleasure all the","[' same.', ' time.']",0
"Write a quote that ends in the word ""one"": Money is a good servant, but a bad","[' master.', ' one.']",1
"Write a quote that ends in the word ""good"": Money is like muck, not good except it be","[' spread.', ' good.']",1
"Write a quote that ends in the word ""rich"": Money makes the mare","[' go.', ' rich.']",1
"Write a quote that ends in the word ""speak"": Money speaks sense in a language all nations","[' understand.', ' speak.']",1
"Write a quote that ends in the word ""Matters"": Money","[' Matters.', ' talks.']",0
"Write a quote that ends in the word ""was"": Put your money where your mouth","[' is.', ' was.']",1
"Write a quote that ends in the word ""short"": Time is","[' short.', ' money.']",0
"Write a quote that ends in the word ""caution"": More haste, less","[' speed.', ' caution.']",1
"Write a quote that ends in the word ""better"": The more the","[' merrier.', ' better.']",1
"Write a quote that ends in the word ""Same"": The more things change, the more they stay the","[' Same.', ' same.']",0
"Write a quote that ends in the word ""mountain"": Don't make a mountain out of a","[' molehill.', ' mountain.']",1
"Write a quote that ends in the word ""evil"": Burn not your house to rid it of the","[' evil.', ' mouse.']",0
"Write a quote that ends in the word ""closed"": Keep your mouth shut and your eyes","[' open.', ' closed.']",1
"Write a quote that ends in the word ""expected"": Much is expected where much is","[' expected.', ' given.']",0
"Write a quote that ends in the word ""water"": Where there's muck there's","[' brass.', ' water.']",1
"Write a quote that ends in the word ""gone"": For want of a nail the shoe is lost, for want of a shoe the horse is lost, for want of a horse the rider is","[' lost.', ' gone.']",1
"Write a quote that ends in the word ""reason"": Nature is beyond all","[' teaching.', ' reason.']",1
"Write a quote that ends in the word ""observed"": Nature, to be commanded, must be","[' obeyed.', ' observed.']",1
"Write a quote that ends in the word ""nature"": Necessity is mother of","[' nature.', ' invention.']",0
"Write a quote that ends in the word ""mother"": Never lie to your","[' doctor.', ' mother.']",1
"Write a quote that ends in the word ""mother"": Never lie to your","[' mother.', ' lawyer.']",0
"Write a quote that ends in the word ""now"": Never put off till  tomorrow what you can do","[' now.', ' today.']",0
"Write a quote that ends in the word ""never"": Never say","[' never.', ' die.']",0
"Write a quote that ends in the word ""anything"": Never say","[' anything.', ' never.']",0
"Write a quote that ends in the word ""run"": It's never too late to","[' mend.', ' run.']",1
"Write a quote that ends in the word ""first"": If you don't have anything nice to say, don't say anything at","[' first.', ' all.']",0
"Write a quote that ends in the word ""kings"": No man can serve two","[' masters.', ' kings.']",1
"Write a quote that ends in the word ""animal"": No man is an","[' island.', ' animal.']",1
"Write a quote that ends in the word ""perfect"": No man is","[' perfect.', ' indispensable.']",0
"Write a quote that ends in the word ""No"": No means","[' no.', ' No.']",1
"Write a quote that ends in the word ""yet"": No news is good","[' news.', ' yet.']",1
"Write a quote that ends in the word ""fear"": No pain, no","[' gain.', ' fear.']",1
"Write a quote that ends in the word ""it"": Lose nothing for want of","[' asking.', ' it.']",1
"Write a quote that ends in the word ""it"": Nothing for","[' nothing.', ' it.']",1
"Write a quote that ends in the word ""ventured"": Nothing ventured, nothing","[' gained.', ' ventured.']",1
"Write a quote that ends in the word ""it"": You don't get nothing for","[' it.', ' nothing.']",0
"Write a quote that ends in the word ""times"": There is luck in odd","[' times.', ' numbers.']",0
"Write a quote that ends in the word ""bone"": He that would eat the kernel must crack the","[' nut.', ' bone.']",1
"Write a quote that ends in the word ""distances"": Little strokes fell great","[' distances.', ' oaks.']",0
"Write a quote that ends in the word ""young"": Old habits die","[' hard.', ' young.']",1
"Write a quote that ends in the word ""two"": Take care of number","[' one.', ' two.']",1
"Write a quote that ends in the word ""hole"": The only free cheese is in the mouse","[' trap.', ' hole.']",1
"Write a quote that ends in the word ""stupid"": The only stupid question is the one that is not","[' stupid.', ' asked.']",0
"Write a quote that ends in the word ""difference"": Opportunity makes the","[' difference.', ' thief.']",0
"Write a quote that ends in the word ""sight"": Out of sight... Out of","[' sight.', ' mind.']",0
"Write a quote that ends in the word ""fall"": From big oaks little acorns","[' fall.', ' grow.']",0
"Write a quote that ends in the word ""done"": It ain't over till it's","[' over.', ' done.']",1
"Write a quote that ends in the word ""home"": The world is your","[' home.', ' oyster.']",0
"Write a quote that ends in the word ""pieces"": Good things come in small","[' pieces.', ' packages.']",0
"Write a quote that ends in the word ""fear"": No pain, no","[' fear.', ' gain.']",0
"Write a quote that ends in the word ""me"": You get what you pay","[' me.', ' for.']",0
"Write a quote that ends in the word ""death"": There is no greater torment than to be alone in","[' death.', ' paradise.']",0
"Write a quote that ends in the word ""killed"": Never ask pardon before you are","[' killed.', ' accused.']",0
"Write a quote that ends in the word ""blood"": All political parties die at last of swallowing their own","[' blood.', ' lies.']",0
"Write a quote that ends in the word ""it"": If you want peace, prepare for","[' it.', ' war.']",0
"Write a quote that ends in the word ""war"": Peace: in international affairs, a period of cheating between two periods of","[' war.', ' fighting.']",0
"Write a quote that ends in the word ""dead"": There's no peace for the","[' wicked.', ' dead.']",1
"Write a quote that ends in the word ""it"": Those who wish to live in peace, must hear, see, and say","[' it.', ' nothing.']",0
"Write a quote that ends in the word ""ink"": The pen worse than the","[' sword.', ' ink.']",1
"Write a quote that ends in the word ""trouble"": A penny for your","[' thoughts.', ' trouble.']",1
"Write a quote that ends in the word ""penny"": In for a penny in for a","[' penny.', ' pound.']",0
"Write a quote that ends in the word ""you"": Look after the pennies and the pounds will look after","[' themselves.', ' you.']",1
"Write a quote that ends in the word ""wise"": Penny wise, pound","[' foolish.', ' wise.']",1
"Write a quote that ends in the word ""you"": Take care of the pennies and the pounds will take care of","[' themselves.', ' you.']",1
"Write a quote that ends in the word ""lost"": A penny saved is a penny","[' lost.', ' earned.']",0
"Write a quote that ends in the word ""God"": The voice of the people is the voice of","[' god.', ' God.']",1
"Write a quote that ends in the word ""it"": He who desires but acts not, breeds","[' it.', ' pestilence.']",0
"Write a quote that ends in the word ""pig"": When the pig is proffered, hold up the","[' poke.', ' pig.']",1
"Write a quote that ends in the word ""him"": Bitter pills may have blessed","[' him.', ' effects.']",0
"Write a quote that ends in the word ""dollars"": A picture is worth a thousand","[' dollars.', ' words.']",0
"Write a quote that ends in the word ""bottom"": It's a cracked pitcher that goes oftenest to the","[' well.', ' bottom.']",1
"Write a quote that ends in the word ""heads"": Little pitchers have big","[' heads.', ' ears.']",0
"Write a quote that ends in the word ""road"": All rising to great place is by a winding","[' stair.', ' road.']",1
"Write a quote that ends in the word ""around"": Better play a small game than to stand","[' out.', ' around.']",1
"Write a quote that ends in the word ""him"": He had need rise early who would please","[' him.', ' everybody.']",0
"Write a quote that ends in the word ""not"": Poets are born, but orators are","[' not.', ' trained.']",0
"Write a quote that ends in the word ""nothing"": Politeness costs nothing and gains","[' everything.', ' nothing.']",1
"Write a quote that ends in the word ""decisions"": Politics makes strange","[' decisions.', ' bedfellows.']",0
"Write a quote that ends in the word ""removed"": A little pot is easily","[' removed.', ' hot.']",0
"Write a quote that ends in the word ""phone"": Shit or get off the","[' phone.', ' pot.']",0
"Write a quote that ends in the word ""worked"": A watched pot never","[' boils.', ' worked.']",1
"Write a quote that ends in the word ""sake"": Come away; poverty's","[' sake.', ' catching.']",0
"Write a quote that ends in the word ""poverty"": Poverty is the reward of","[' poverty.', ' idleness.']",0
"Write a quote that ends in the word ""everything"": Power tends to corrupt; absolute power corrupts","[' everything.', ' absolutely.']",0
"Write a quote that ends in the word ""progress"": Practice makes","[' progress.', ' perfect.']",0
"Write a quote that ends in the word ""know"": Practice what you","[' know.', ' preach.']",0
"Write a quote that ends in the word ""illustrate"": Precepts teach, examples","[' illustrate.', ' move.']",0
"Write a quote that ends in the word ""girl"": You can't be a little","[' pregnant.', ' girl.']",1
"Write a quote that ends in the word ""justification"": A prejudice is a vagrant opinion without visible means of","[' support.', ' justification.']",1
"Write a quote that ends in the word ""worse"": Hope for the best, but prepare for the","[' worse.', ' worst.']",0
"Write a quote that ends in the word ""gold"": An ounce of prevention is worth a pound of","[' gold.', ' cure.']",0
"Write a quote that ends in the word ""intervention"": Prevention is better than","[' intervention.', ' cure.']",0
"Write a quote that ends in the word ""secrets"": All those men have their","[' secrets.', ' price.']",0
"Write a quote that ends in the word ""pride"": Every man has his","[' price.', ' pride.']",1
"Write a quote that ends in the word ""worth"": Everything is worth its","[' price.', ' worth.']",1
"Write a quote that ends in the word ""place"": I know my","[' place.', ' price.']",0
"Write a quote that ends in the word ""heart"": Pride comes before the","[' fall.', ' heart.']",1
"Write a quote that ends in the word ""iron"": Prisons are built with stones of Law, brothels with bricks of","[' iron.', ' Religion.']",0
"Write a quote that ends in the word ""solution"": If you're not part of the solution, you're part of the","[' problem.', ' solution.']",1
"Write a quote that ends in the word ""shared"": A problem shared is a problem","[' halved.', ' shared.']",1
"Write a quote that ends in the word ""money"": An acre of performance is worth the whole world of","[' money.', ' promise.']",0
"Write a quote that ends in the word ""Jews"": Perverts the Prophets, and purloins the","[' Jews.', ' Psalms.']",0
"Write a quote that ends in the word ""poverty"": He that swells in prosperity will shrink in","[' poverty.', ' adversity.']",0
"Write a quote that ends in the word ""child"": As proud as a","[' child.', ' peacock.']",0
"Write a quote that ends in the word ""me"": As proud as","[' me.', ' Lucifer.']",0
"Write a quote that ends in the word ""sequence"": Proverbs run in","[' sequence.', ' pairs.']",0
"Write a quote that ends in the word ""god"": Now Barabbas was a","[' god.', ' publisher.']",0
"Write a quote that ends in the word ""kitchen"": The proof of the pudding is in the","[' eating.', ' kitchen.']",1
"Write a quote that ends in the word ""works"": Punishment is lame but it","[' comes.', ' works.']",1
"Write a quote that ends in the word ""trial"": A civil question deserves a civil","[' trial.', ' answer.']",0
"Write a quote that ends in the word ""battle"": Slow and steady wins the","[' race.', ' battle.']",1
"Write a quote that ends in the word ""fur"": A rag and a bone and a hank of","[' hair.', ' fur.']",1
"Write a quote that ends in the word ""child"": Like a red rag to a","[' child.', ' bull.']",0
"Write a quote that ends in the word ""boat"": Rats desert a sinking","[' ship.', ' boat.']",1
"Write a quote that ends in the word ""comprehend"": Reality is not only stranger than we imagine, it is stranger than we can","[' comprehend.', ' imagine.']",0
"Write a quote that ends in the word ""do"": What you sow is what you","[' reap.', ' do.']",1
"Write a quote that ends in the word ""faith"": Reason does not come before","[' years.', ' faith.']",1
"Write a quote that ends in the word ""alternative"": The remedy is worse than the","[' disease.', ' alternative.']",1
"Write a quote that ends in the word ""hot"": Revenge is a dish best served","[' hot.', ' cold.']",0
"Write a quote that ends in the word ""appreciated"": There is small revenge in words, but words may be greatly","[' revenged.', ' appreciated.']",1
"Write a quote that ends in the word ""way"": To forget wrong is the best","[' revenge.', ' way.']",1
"Write a quote that ends in the word ""government"": Revolution: in politics, an abrupt change in the form of","[' government.', ' misgovernment.']",0
"Write a quote that ends in the word ""you"": Riches are for","[' spending.', ' you.']",1
"Write a quote that ends in the word ""it"": There is no royal road to","[' it.', ' learning.']",0
"Write a quote that ends in the word ""use"": He makes a rod for his own","[' use.', ' back.']",0
"Write a quote that ends in the word ""nowhere"": All roads lead to","[' nowhere.', ' Rome.']",0
"Write a quote that ends in the word ""hurry"": Rome wasn't built in a","[' hurry.', ' day.']",0
"Write a quote that ends in the word ""right"": At Rome one must do the Romans","[' do.', ' right.']",1
"Write a quote that ends in the word ""them"": Name not a rope in his house who hanged","[' himself.', ' them.']",1
"Write a quote that ends in the word ""followed"": Rules were meant to be","[' followed.', ' broken.']",0
"Write a quote that ends in the word ""forgotten"": Least said, soonest","[' forgotten.', ' mended.']",0
"Write a quote that ends in the word ""there"": He complains wrongfully at the sea that suffer shipwreck","[' twice.', ' there.']",1
"Write a quote that ends in the word ""hear"": Monkey see, monkey","[' do.', ' hear.']",1
"Write a quote that ends in the word ""know"": There are none so blind as they who do not want to","[' know.', ' see.']",0
"Write a quote that ends in the word ""know"": What you see is what you","[' get.', ' know.']",1
"Write a quote that ends in the word ""here"": Proffer'd service","[' stinks.', ' here.']",1
"Write a quote that ends in the word ""light"": Catch not at the shadow and lose the","[' substance.', ' light.']",1
"Write a quote that ends in the word ""away"": Shame take him that shame","[' away.', ' thinketh.']",0
"Write a quote that ends in the word ""sheep"": He that makes himself a sheep shall be eaten by the","[' wolf.', ' sheep.']",1
"Write a quote that ends in the word ""man"": One might as well be hanged for a sheep as a","[' man.', ' lamb.']",0
"Write a quote that ends in the word ""this"": If the shoe fits, wear","[' this.', ' it.']",0
"Write a quote that ends in the word ""one"": No one knows where the shoe pinches, but he who wears","[' one.', ' it.']",0
"Write a quote that ends in the word ""is"": To know where the shoe","[' pinches.', ' is.']",1
"Write a quote that ends in the word ""affected"": Cobblers children are worst","[' shod.', ' affected.']",1
"Write a quote that ends in the word ""feet"": Shoemaker, stick to your","[' last.', ' feet.']",1
"Write a quote that ends in the word ""promise"": Eighty percent of life is showing","[' promise.', ' up.']",0
"Write a quote that ends in the word ""well"": The show must go","[' on.', ' well.']",1
"Write a quote that ends in the word ""hearing"": Out of sight, out of","[' mind.', ' hearing.']",1
"Write a quote that ends in the word ""way"": Silence gives","[' way.', ' consent.']",0
"Write a quote that ends in the word ""life"": Silence is the virtue of","[' fools.', ' life.']",1
"Write a quote that ends in the word ""history"": The rest is","[' silence.', ' history.']",1
"Write a quote that ends in the word ""though"": Keep it simple,","[' stupid.', ' though.']",1
"Write a quote that ends in the word ""truth"": There's a sin of omission as well as","[' truth.', ' commision.']",0
"Write a quote that ends in the word ""same"": The sky's the","[' limit.', ' same.']",1
"Write a quote that ends in the word ""ant"": As slippery as an","[' ant.', ' eel.']",0
"Write a quote that ends in the word ""pockets"": There's daggers in men's","[' smiles.', ' pockets.']",1
"Write a quote that ends in the word ""sea"": By perseverance the snail reached the","[' sea.', ' arc.']",0
"Write a quote that ends in the word ""sleep"": If you snooze you","[' lose.', ' sleep.']",1
"Write a quote that ends in the word ""own"": A son is a son 'till he gets him a wife; a daughter's a daughter all her","[' life.', ' own.']",1
"Write a quote that ends in the word ""feed"": As you sow, so you","[' feed.', ' reap.']",0
"Write a quote that ends in the word ""hard"": Sow thin, shear","[' thin.', ' hard.']",1
"Write a quote that ends in the word ""seed"": To sow one's wild","[' seed.', ' oats.']",0
"Write a quote that ends in the word ""knife"": Call a spade a","[' knife.', ' spade.']",0
"Write a quote that ends in the word ""things"": It is not what you say, it is the way you say","[' things.', ' it.']",0
"Write a quote that ends in the word ""love"": Variety is the spice of","[' love.', ' life.']",0
"Write a quote that ends in the word ""not"": The spirit is willing but the flesh is","[' not.', ' weak.']",0
"Write a quote that ends in the word ""grows"": While the grass grows the steed","[' starves.', ' grows.']",1
"Write a quote that ends in the word ""him"": A stitch in time saves","[' him.', ' nine.']",0
"Write a quote that ends in the word ""behind"": Leave no stone","[' behind.', ' unturned.']",0
"Write a quote that ends in the word ""them"": Sticks and stones may break my bones but words will never hurt","[' me.', ' them.']",1
"Write a quote that ends in the word ""dust"": A rolling stone gathers no","[' dust.', ' moss.']",0
"Write a quote that ends in the word ""rock"": A drowning man will clutch at a","[' straw.', ' rock.']",1
"Write a quote that ends in the word ""dry"": Cross the stream where it is","[' dry.', ' shallowest.']",0
"Write a quote that ends in the word ""now"": Old streets a glamour","[' now.', ' hold.']",0
"Write a quote that ends in the word ""heated"": Strike when the iron is","[' heated.', ' hot.']",0
"Write a quote that ends in the word ""more"": A store is no","[' sore.', ' more.']",1
"Write a quote that ends in the word ""courage"": Confidence is the companion of","[' success.', ' courage.']",1
"Write a quote that ends in the word ""failure"": Failure is the stepping stone for","[' success.', ' failure.']",1
"Write a quote that ends in the word ""that"": Nothing succeeds like","[' that.', ' success.']",0
"Write a quote that ends in the word ""men"": One secret of '''success''' is to know how to deny yourself and other","[' men.', ' people.']",0
"Write a quote that ends in the word ""goal"": Success is a journey not a","[' destination.', ' goal.']",1
"Write a quote that ends in the word ""hood"": There is nothing new under the","[' sun.', ' hood.']",1
"Write a quote that ends in the word ""house"": Sunday clears away the rust of the whole","[' house.', ' week.']",0
"Write a quote that ends in the word ""it"": There is a superstition in avoiding","[' it.', ' superstition.']",0
"Write a quote that ends in the word ""heart"": A good surgeon has an eagle's eye, a lion's heart, and a lady's","[' heart.', ' hand.']",0
"Write a quote that ends in the word ""themselves"": Suspicions amongst thoughts are like bats amongst birds, they ever fly by","[' themselves.', ' twilight.']",0
"Write a quote that ends in the word ""difference"": One swallow does not make a","[' difference.', ' summer.']",0
"Write a quote that ends in the word ""rewarded"": Good swimmers are often","[' drowned.', ' rewarded.']",1
"Write a quote that ends in the word ""word"": A blow with a word strikes deeper than a blow with a","[' sword.', ' word.']",1
"Write a quote that ends in the word ""blade"": Live by the sword, die by the","[' sword.', ' blade.']",1
"Write a quote that ends in the word ""pencil"": The pen is mightier than the","[' sword.', ' pencil.']",1
"Write a quote that ends in the word ""fit"": Take things as you find","[' them.', ' fit.']",1
"Write a quote that ends in the word ""well"": He that talketh what he knoweth, will also talk what he knoweth","[' not.', ' well.']",1
"Write a quote that ends in the word ""person"": He that talks to himself, speaks to a","[' person.', ' fool.']",0
"Write a quote that ends in the word ""finish"": It takes two to","[' tango.', ' finish.']",1
"Write a quote that ends in the word ""it"": Tit for","[' it.', ' tat.']",0
"Write a quote that ends in the word ""life"": Without temptation there is no","[' life.', ' victory.']",0
"Write a quote that ends in the word ""murderer"": Once a thief always a","[' murderer.', ' thief.']",0
"Write a quote that ends in the word ""murderer"": Set a thief to catch a","[' thief.', ' murderer.']",1
"Write a quote that ends in the word ""well"": If you want a thing well done, do it","[' yourself.', ' well.']",1
"Write a quote that ends in the word ""be"": The worth of a thing is what it will","[' be.', ' bring.']",0
"Write a quote that ends in the word ""done"": Things done cannot be","[' undone.', ' done.']",1
"Write a quote that ends in the word ""act"": Think before you","[' speak.', ' act.']",1
"Write a quote that ends in the word ""good"": First thoughts are","[' good.', ' best.']",0
"Write a quote that ends in the word ""worst"": Second thoughts are the","[' best.', ' worst.']",1
"Write a quote that ends in the word ""alone"": Footprints on the sands of time are not made by sitting","[' down.', ' alone.']",1
"Write a quote that ends in the word ""virtues"": Nature, time, and patience are three great","[' physicians.', ' virtues.']",1
"Write a quote that ends in the word ""virtue"": Procrastination is the thief of","[' time.', ' virtue.']",1
"Write a quote that ends in the word ""one"": Time and tide wait for no","[' man.', ' one.']",1
"Write a quote that ends in the word ""magazine"": Time","[' magazine.', ' flies.']",0
"Write a quote that ends in the word ""sex"": Time flies when you're having","[' sex.', ' fun.']",0
"Write a quote that ends in the word ""gone"": Time himself is","[' gone.', ' bald.']",0
"Write a quote that ends in the word ""short"": Time is","[' money.', ' short.']",1
"Write a quote that ends in the word ""short"": Time is","[' short.', ' precious.']",0
"Write a quote that ends in the word ""pass"": Time will","[' pass.', ' tell.']",0
"Write a quote that ends in the word ""moment"": There is no time like the","[' present.', ' moment.']",1
"Write a quote that ends in the word ""precious"": There is nothing more precious than time and nothing more prodigally","[' wasted.', ' precious.']",1
"Write a quote that ends in the word ""lives"": To choose time is to save","[' time.', ' lives.']",1
"Write a quote that ends in the word ""you"": Avoid the pleasure which will bite","[' tomorrow.', ' you.']",1
"Write a quote that ends in the word ""now"": Never put off till tomorrow what can be done","[' today.', ' now.']",1
"Write a quote that ends in the word ""night"": Tomorrow is another","[' day.', ' night.']",1
"Write a quote that ends in the word ""choice"": A still tongue makes a wise","[' choice.', ' head.']",0
"Write a quote that ends in the word ""wife"": A bad workman blames his","[' wife.', ' tools.']",0
"Write a quote that ends in the word ""weapons"": Do not play with edged","[' tools.', ' weapons.']",1
"Write a quote that ends in the word ""ceremonies"": Jack of all trades and master of","[' none.', ' ceremonies.']",1
"Write a quote that ends in the word ""things"": A good name is the best of all","[' treasures.', ' things.']",1
"Write a quote that ends in the word ""it"": People only throw stones at trees with fruit on","[' them.', ' it.']",1
"Write a quote that ends in the word ""branch"": The apple never falls far from the","[' branch.', ' tree.']",0
"Write a quote that ends in the word ""stones"": There is no tree but bears some","[' stones.', ' fruit.']",0
"Write a quote that ends in the word ""meal"": He that waits on another man's trencher, makes many a late","[' dinner.', ' meal.']",1
"Write a quote that ends in the word ""me"": Never trouble trouble 'til trouble troubles","[' you.', ' me.']",1
"Write a quote that ends in the word ""smiling"": So pack up your troubles in your old kit-bag. And smile, smile,","[' smiling.', ' smile.']",0
"Write a quote that ends in the word ""do"": If you trust before you try, you may repent before you","[' die.', ' do.']",1
"Write a quote that ends in the word ""truth"": A half truth is a whole","[' lie.', ' truth.']",1
"Write a quote that ends in the word ""round"": Truth gives a short answer, lies go round","[' round.', ' about.']",0
"Write a quote that ends in the word ""back"": The truth shall set you free, or The truth will set you","[' free.', ' back.']",1
"Write a quote that ends in the word ""lies"": Truth is stranger than","[' fiction.', ' lies.']",1
"Write a quote that ends in the word ""not"": Truth lies within a little and certain compass, but error is","[' immense.', ' not.']",1
"Write a quote that ends in the word ""forgotten"": Truth may be blamed, but it shall never be","[' forgotten.', ' shamed.']",0
"Write a quote that ends in the word ""other"": Truth seeks no","[' corners.', ' other.']",1
"Write a quote that ends in the word ""different"": Don't try to be someone you're","[' different.', ' not.']",0
"Write a quote that ends in the word ""do"": You never know what you can do until you","[' try.', ' do.']",1
"Write a quote that ends in the word ""more"": One good turn deserves","[' another.', ' more.']",1
"Write a quote that ends in the word ""decision"": It takes two to make a","[' decision.', ' quarrel.']",0
"Write a quote that ends in the word ""none"": Two heads are better than","[' none.', ' one.']",0
"Write a quote that ends in the word ""mountains"": He that stays in the valley will not get over the","[' hill.', ' mountains.']",1
"Write a quote that ends in the word ""life"": Variety is the soul of","[' pleasure.', ' life.']",1
"Write a quote that ends in the word ""foundation"": Let every vat stand upon its own","[' foundation.', ' bottom.']",0
"Write a quote that ends in the word ""noise"": Empty vessels make the most","[' sound.', ' noise.']",1
"Write a quote that ends in the word ""Windsor"": The vicar of Bray will be vicar of","[' Windsor.', ' Bray.']",0
"Write a quote that ends in the word ""it"": Where vice goes before, vengeance follows","[' after.', ' it.']",1
"Write a quote that ends in the word ""boy"": It takes a village to raise a","[' boy.', ' child.']",0
"Write a quote that ends in the word ""river"": Virtue which parleys is near a","[' surrender.', ' river.']",1
"Write a quote that ends in the word ""horse"": Hitch your wagon to a","[' star.', ' horse.']",1
"Write a quote that ends in the word ""watch"": Wait and","[' see.', ' watch.']",1
"Write a quote that ends in the word ""talk"": Don't talk the talk if you can't walk the","[' walk.', ' talk.']",1
"Write a quote that ends in the word ""die"": Learn to walk before you","[' die.', ' run.']",0
"Write a quote that ends in the word ""bag"": Walk softly, carry a big","[' bag.', ' stick.']",0
"Write a quote that ends in the word ""Earth"": Walk the","[' talk.', ' Earth.']",1
"Write a quote that ends in the word ""people"": War is too important to be left to the","[' people.', ' generals.']",0
"Write a quote that ends in the word ""to"": Waste not, want","[' to.', ' not.']",0
"Write a quote that ends in the word ""waste"": Willful waste makes woeful","[' waste.', ' want.']",0
"Write a quote that ends in the word ""by"": Still water runs","[' deep.', ' by.']",1
"Write a quote that ends in the word ""condition"": Wade not in unknown","[' waters.', ' condition.']",1
"Write a quote that ends in the word ""kill"": What a tangled web we weave, when first we practice to","[' kill.', ' deceive.']",0
"Write a quote that ends in the word ""billionaire"": All the wealth I had ran in my veins; I was a","[' billionaire.', ' gentleman.']",0
"Write a quote that ends in the word ""joy"": Wealth rarely brings","[' joy.', ' happiness.']",0
"Write a quote that ends in the word ""fish"": Set a herring to catch a","[' whale.', ' fish.']",1
"Write a quote that ends in the word ""world"": Don't try to reinvent the","[' wheel.', ' world.']",1
"Write a quote that ends in the word ""message"": The squeaky wheel gets the","[' message.', ' grease.']",0
"Write a quote that ends in the word ""happiness"": A cheerful wife is the spice of","[' life.', ' happiness.']",1
"Write a quote that ends in the word ""lie"": A man's best fortune or his worst is a","[' wife.', ' lie.']",1
"Write a quote that ends in the word ""heart"": Choose a wife rather by your ear than your","[' eye.', ' heart.']",1
"Write a quote that ends in the word ""questions"": He that will thrive must first ask his","[' questions.', ' wife.']",0
"Write a quote that ends in the word ""one"": The cobbler's wife is the worst","[' shod.', ' one.']",1
"Write a quote that ends in the word ""rich"": There are only two kinds of women, the plain and the","[' rich.', ' coloured.']",0
"Write a quote that ends in the word ""one"": Two things prolong your life: A quiet heart and a loving","[' wife.', ' one.']",1
"Write a quote that ends in the word ""wives"": Wives are young men's mistresses; companions for middle age; and old men's","[' wives.', ' nurses.']",0
"Write a quote that ends in the word ""not"": He that will not when he may, when he will he may have","[' nay.', ' not.']",1
"Write a quote that ends in the word ""living"": Take the will for the","[' deed.', ' living.']",1
"Write a quote that ends in the word ""will"": Where there is a will, there is a","[' will.', ' way.']",0
"Write a quote that ends in the word ""battle"": Slow and steady wins the","[' battle.', ' race.']",0
"Write a quote that ends in the word ""harvest"": He that sows the wind shall reap the","[' whirlwind.', ' harvest.']",1
"Write a quote that ends in the word ""in"": For when the wine is in the wit is","[' in.', ' out.']",0
"Write a quote that ends in the word ""taste"": Good wine needs no","[' bush.', ' taste.']",1
"Write a quote that ends in the word ""in"": Wine in , truth","[' out.', ' in.']",1
"Write a quote that ends in the word ""way"": Winning isn't everything, it's the only","[' way.', ' thing.']",0
"Write a quote that ends in the word ""kings"": The road of excess leads to the palace of","[' kings.', ' wisdom.']",0
"Write a quote that ends in the word ""stupid"": Some are wise and some are","[' otherwise.', ' stupid.']",1
"Write a quote that ends in the word ""something"": Be careful what you wish for, you just might get","[' something.', ' it.']",0
"Write a quote that ends in the word ""child"": The wish is father to the","[' thought.', ' child.']",1
"Write a quote that ends in the word ""it"": He who is not with me is against","[' me.', ' it.']",1
"Write a quote that ends in the word ""waste"": Willful waste makes woeful","[' waste.', ' want.']",0
"Write a quote that ends in the word ""girl"": The wolf finds a reason for taking the","[' girl.', ' lamb.']",0
"Write a quote that ends in the word ""does"": Hell hath no fury like a woman","[' does.', ' scorned.']",0
"Write a quote that ends in the word ""prison"": There is no other purgatory but a","[' prison.', ' woman.']",0
"Write a quote that ends in the word ""mistakes"": Well behaved women seldom make","[' mistakes.', ' history.']",0
"Write a quote that ends in the word ""me"": Touch","[' me.', ' wood.']",0
"Write a quote that ends in the word ""miles"": You cannot see the wood for","[' trees.', ' miles.']",1
"Write a quote that ends in the word ""blood"": A deluge of words and a drop of","[' sense.', ' blood.']",1
"Write a quote that ends in the word ""tense"": A word spoken is past","[' tense.', ' recalling.']",0
"Write a quote that ends in the word ""words"": Deeds are fruits, words are but","[' leaves.', ' words.']",1
"Write a quote that ends in the word ""more"": Fine words butter no","[' more.', ' parsnips.']",0
"Write a quote that ends in the word ""it"": Many a true word is spoken in","[' it.', ' jest.']",0
"Write a quote that ends in the word ""sentence"": Many words will not fill a","[' sentence.', ' bushel.']",0
"Write a quote that ends in the word ""me"": No need of words, trust","[' deeds.', ' me.']",1
"Write a quote that ends in the word ""finished"": A woman's work is never","[' finished.', ' done.']",0
"Write a quote that ends in the word ""man"": All work and no play makes Jack a dull","[' man.', ' boy.']",0
"Write a quote that ends in the word ""music"": Many hands make light","[' music.', ' work.']",0
"Write a quote that ends in the word ""it"": No man is born into this world, whose work is not born with","[' him.', ' it.']",1
"Write a quote that ends in the word ""bone"": Quick at meat, quick at","[' work.', ' bone.']",1
"Write a quote that ends in the word ""die"": Tread on a worm and it will","[' die.', ' turn.']",0
"Write a quote that ends in the word ""decision"": It takes all sorts of people to make a","[' decision.', ' world.']",0
"Write a quote that ends in the word ""again"": Smile, and the world smiles with you; cry, and you cry","[' again.', ' alone.']",0
"Write a quote that ends in the word ""patient"": Take all things as they come and be","[' patient.', ' content.']",0
"Write a quote that ends in the word ""diamonds"": He is worth his weight in","[' diamonds.', ' gold.']",0
"Write a quote that ends in the word ""happens"": If anything can go wrong, it","[' happens.', ' will.']",0
"Write a quote that ends in the word ""wrong"": Two wrongs don't make a","[' right.', ' wrong.']",1
"Write a quote that ends in the word ""books"": It is not wise to open old","[' wounds.', ' books.']",1
"Write a quote that ends in the word ""decisions"": Diligent youth makes easy","[' decisions.', ' age.']",0
"Write a quote that ends in the word ""decisions"": Reckless youth makes rueful","[' decisions.', ' age.']",0
"Write a quote that ends in the word ""old"": They who would be young when they are old must be old when they are","[' young.', ' old.']",1
"Write a quote that ends in the word ""not"": Young men may die, old men","[' not.', ' must.']",0
"Write a quote that ends in the word ""men"": Young men think old men fools, and old men know young men to be","[' men.', ' so.']",0
"Write a quote that ends in the word ""man"": Young saint, old","[' devil.', ' man.']",1
"Write a quote that ends in the word ""change"": Youth and age will never","[' agree.', ' change.']",1
